Workbook

Sheet Summary
A1: SRD Logistics Dashboard Enhancement - Effort Summary
A3: Option A: Streamlit/Python (incl. data layer) | B3: Best case | C3: Estimated | D3: Worst case
A4: Base effort (hours) | B4: ='Effort Estimate'!E18 | C4: ='Effort Estimate'!F18 | D4: ='Effort Estimate'!G18
A5: Contingency buffer (hours) | B5: ='Effort Estimate'!E19 | C5: ='Effort Estimate'!F19 | D5: ='Effort Estimate'!G19
A6: Total with buffer (hours) | B6: ='Effort Estimate'!E20 | C6: ='Effort Estimate'!F20 | D6: ='Effort Estimate'!G20
A7: Working days | B7: =B6/(Assumptions!$B$4*Assumptions!$B$6) | C7: =C6/(Assumptions!$B$4*Assumptions!$B$6) | D7: =D6/(Assumptions!$B$4*Assumptions!$B$6)
A8: Calendar weeks | B8: =B6/(Assumptions!$B$5*Assumptions!$B$6) | C8: =C6/(Assumptions!$B$5*Assumptions!$B$6) | D8: =D6/(Assumptions!$B$5*Assumptions!$B$6)
A9: Cost (INR) | B9: =B6*Assumptions!$B$7 | C9: =C6*Assumptions!$B$7 | D9: =D6*Assumptions!$B$7
A11: Option B: Power BI on PostgreSQL DWH (client provides data up to DWH)
A12: Metric | B12: Best case | C12: Estimated | D12: Worst case
A13: Base effort (hours) | B13: ='Power BI Estimate'!E18 | C13: ='Power BI Estimate'!F18 | D13: ='Power BI Estimate'!G18
A14: Contingency buffer (hours) | B14: ='Power BI Estimate'!E19 | C14: ='Power BI Estimate'!F19 | D14: ='Power BI Estimate'!G19
A15: Total with buffer (hours) | B15: ='Power BI Estimate'!E20 | C15: ='Power BI Estimate'!F20 | D15: ='Power BI Estimate'!G20
A16: Working days | B16: =B15/(Assumptions!$B$4*Assumptions!$B$6) | C16: =C15/(Assumptions!$B$4*Assumptions!$B$6) | D16: =D15/(Assumptions!$B$4*Assumptions!$B$6)
A17: Calendar weeks | B17: =B15/(Assumptions!$B$5*Assumptions!$B$6) | C17: =C15/(Assumptions!$B$5*Assumptions!$B$6) | D17: =D15/(Assumptions!$B$5*Assumptions!$B$6)
A18: Cost (INR) | B18: =B15*Assumptions!$B$7 | C18: =C15*Assumptions!$B$7 | D18: =D15*Assumptions!$B$7
A20: Difference: Option B vs Option A (total hours, estimated) | C20: =C15-C6
A22: Sheets: Effort Estimate (Option A) | Power BI Estimate (Option B) | Requirement Mapping | Assumptions.
A23: Cost is 0 until a rate is entered in Assumptions!B7.

Sheet Power BI Estimate
A1: SRD Logistics - Power BI Delivery (Pentaho ETL -> PostgreSQL DWH -> Power BI)
A2: Scope: data already loaded to DWH facts & dimensions by client. Blue = input hours, black = formula.
A4: # | B4: Work package | C4: Requirement section(s) | D4: Scope in Power BI architecture | E4: Best case (h) | F4: Estimated (h) | G4: Worst case (h) | H4: % of base
A5: 1 | B5: Discovery & clarification | C5: All | D5: Report definitions, review of DWH schema (facts/dims), definitions of service %, via, KT weight | E5: 10 | F5: 12 | G5: 18 | H5: =F5/$F$18
A6: 2 | B6: Semantic model | C6: 0, 9 | D6: PostgreSQL connection, relationships, date dimension, security, model performance | E6: 18 | F6: 24 | G6: 32 | H6: =F6/$F$18
A7: 3 | B7: Configurable target engine | C7: 1, 9 | D7: Target table in DWH, what-if / field parameters for target days (4/5/6/7+), DAX measures | E7: 16 | F7: 20 | G7: 28 | H7: =F7/$F$18
A8: 4 | B8: Service % & target achievement reports | C8: 1, 2 | D8: Source/destination/route/via/business service %, target %, actual %, variation %, ranking | E8: 24 | F8: 30 | G8: 40 | H8: =F8/$F$18
A9: 5 | B9: Delay & journey analysis, drill-through | C9: 3 | D9: Stage-wise delay, route -> stage -> LR -> reason drill-through, remarks | E9: 24 | F9: 30 | G9: 40 | H9: =F9/$F$18
A10: 6 | B10: LR search & consignor/consignee analytics | C10: 4 | D10: LR journey page, consignor/consignee reports and variation vs target | E10: 16 | F10: 20 | G10: 28 | H10: =F10/$F$18
A11: 7 | B11: Period-wise & comparison reports | C11: 5 | D11: Weekly/10-day/15-day/monthly/yearly, custom period, current vs previous (DAX time intelligence) | E11: 10 | F11: 14 | G11: 20 | H11: =F11/$F$18
A12: 8 | B12: Booking -> main hub dispatch | C12: 6 | D12: Receipt/dispatch times, pending/delayed/dispatched LR ageing, source & hub performance | E12: 18 | F12: 22 | G12: 30 | H12: =F12/$F$18
A13: 9 | B13: Live reports | C13: 7 | D13: DirectQuery or near-real-time refresh on DWH (Pentaho pulls SRD API); 6 live reports | E13: 18 | F13: 24 | G13: 40 | H13: =F13/$F$18
A14: 10 | B14: Improvement suggestions | C14: 8 | D14: SQL/Python job writing route/stage/LR suggestions to DWH; surfaced in Power BI | E14: 12 | F14: 16 | G14: 24 | H14: =F14/$F$18
A15: 11 | B15: ML delay-risk scoring (optional) | C15: Existing | D15: Python scoring job writes risk & top factors to DWH; Power BI reads. Drop if not required | E15: 14 | F15: 20 | G15: 28 | H15: =F15/$F$18
A16: 12 | B16: Slicers, filters & export | C16: 9 | D16: Slicers for period/source/destination/via/business/consignor/consignee/LR, export | E16: 6 | F16: 8 | G16: 12 | H16: =F16/$F$18
A17: 13 | B17: Testing, UAT, gateway, refresh, publish | C17: All | D17: UAT cycle, on-prem gateway, scheduled refresh, Power BI Service deployment, documentation | E17: 18 | F17: 24 | G17: 32 | H17: =F17/$F$18
B18: Base total (before buffer) | E18: =SUM(E5:E17) | F18: =SUM(F5:F17) | G18: =SUM(G5:G17) | H18: =SUM(H5:H17)
B19: Contingency buffer | D19: Linked to Assumptions!B3 (same 100 h buffer) | E19: =Assumptions!$B$3 | F19: =Assumptions!$B$3 | G19: =Assumptions!$B$3
B20: GRAND TOTAL (with buffer) | E20: =E18+E19 | F20: =F18+F19 | G20: =G18+G19
B22: Assumptions
B23: 1. Data engineering (Pentaho ETL, staging, PostgreSQL DWH facts/dimensions) is done by the client and excluded.
B24: 2. DWH already contains LR, consignor, consignee, via, hub, business and journey-stage timestamps; otherwise ETL effort returns.
B25: 3. Power BI cannot run the scikit-learn/SHAP model directly; ML is a Python scoring job writing to the DWH (row 11, optional).
B26: 4. Live API data is pulled by Pentaho into the DWH every few minutes; Power BI uses DirectQuery. Streaming datasets would change effort.
B27: 5. Excluded: Power BI Pro/Premium licensing, hosting, user management beyond basic row-level security.
B28: 6. Best/worst case columns are judgement-based ranges around the estimate, not statistical bounds.

Sheet Effort Estimate
A1: SRD Logistics - Service Performance & Live Reporting: Effort Estimate
A2: Blue = editable input hours. Black = formula. Yellow = key assumption.
A4: # | B4: Work package | C4: Requirement section(s) | D4: Scope / what changes in existing app | E4: Best case (h) | F4: Estimated (h) | G4: Worst case (h) | H4: % of base
A5: 1 | B5: Discovery & clarification | C5: All | D5: Requirement clarification, SRD data & API mapping, definitions (service %, via, KT weight) | E5: 16 | F5: 20 | G5: 28 | H5: =F5/$F$18
A6: 2 | B6: Data layer (real SRD data) | C6: 0 | D6: Ingestion/ETL, LR-level schema (LR, consignor, consignee, via, hub, business, stage timestamps), cleaning & validation | E6: 30 | F6: 40 | G6: 55 | H6: =F6/$F$18
A7: 3 | B7: Configurable target engine | C7: 1, 9 | D7: Per route / source-destination benchmark TAT, target-days (4/5/6/7+), config UI, no hard-coded rules | E7: 22 | F7: 28 | G7: 36 | H7: =F7/$F$18
A8: 4 | B8: Service % & target achievement reports | C8: 1, 2 | D8: Source/destination/route/via/business service %, target %, actual %, variation %, ranked delays | E8: 26 | F8: 32 | G8: 42 | H8: =F8/$F$18
A9: 5 | B9: Delay & journey analysis + drill-down | C9: 3 | D9: Stage-level delay logic (booking→delivery), route→stage→LR→reason drill-down, delay remarks | E9: 30 | F9: 36 | G9: 46 | H9: =F9/$F$18
A10: 6 | B10: LR search, consignor/consignee analytics | C10: 4 | D10: LR journey timeline, consignor/consignee search & service % vs target, source/dest/route/period drill-down | E10: 22 | F10: 28 | G10: 36 | H10: =F10/$F$18
A11: 7 | B11: Period-wise & comparison reports | C11: 5 | D11: Weekly/10-day/15-day/monthly/yearly views, custom period, current vs previous comparison | E11: 16 | F11: 20 | G11: 26 | H11: =F11/$F$18
A12: 8 | B12: Booking → main hub dispatch | C12: 6 | D12: Receipt/dispatch time calc, pending/delayed/dispatched LR ageing, source & hub performance | E12: 22 | F12: 28 | G12: 36 | H12: =F12/$F$18
A13: 9 | B13: Live reports via SRD API | C13: 7 | D13: API client/auth, polling & caching, 6 live reports (bookings, lag/lead, target, KT weight, godown stock, hub movement) | E13: 28 | F13: 36 | G13: 56 | H13: =F13/$F$18
A14: 10 | B14: Improvement suggestions engine | C14: 8 | D14: Move rule engine from network level to route/stage/LR-level suggestions | E14: 16 | F14: 20 | G14: 26 | H14: =F14/$F$18
A15: 11 | B15: ML retraining & explainability | C15: Existing | D15: Retrain on real data, update features, SHAP & what-if adjustments | E15: 14 | F15: 20 | G15: 28 | H15: =F15/$F$18
A16: 12 | B16: Global filters & export | C16: 9 | D16: Filters for via/business/consignor/consignee/LR, CSV/Excel export, standard report table | E16: 10 | F16: 12 | G16: 16 | H16: =F16/$F$18
A17: 13 | B17: Testing, UAT fixes, deployment, docs | C17: All | D17: Unit tests, UAT cycle, deployment, user documentation | E17: 24 | F17: 30 | G17: 40 | H17: =F17/$F$18
B18: Base total (before buffer) | E18: =SUM(E5:E17) | F18: =SUM(F5:F17) | G18: =SUM(G5:G17) | H18: =SUM(H5:H17)
B19: Contingency buffer (requested) | D19: Additional buffer agreed with stakeholder; covers unknown data quality, API spec, UAT rework, scope creep | E19: =Assumptions!$B$3 | F19: =Assumptions!$B$3 | G19: =Assumptions!$B$3
B20: GRAND TOTAL (with buffer) | E20: =E18+E19 | F20: =F18+F19 | G20: =G18+G19

Sheet Assumptions
A1: Assumptions & Inputs
A2: Parameter | B2: Value | C2: Note
A3: Contingency buffer (hours) | B3: 100 | C3: Requested by user: additional 100 h on top of base estimate
A4: Working hours per day | B4: 8 | C4: Assumed
A5: Working hours per person-week | B5: 40 | C5: Assumed
A6: Team size (developers) | B6: 1 | C6: Assumed single full-time developer; change to see duration
A7: Blended hourly rate (INR) | B7: 0 | C7: Not provided - enter rate to compute cost
A9: Key assumptions and risks
A10: 1. Real SRD LR-level data is provided; if not, a new synthetic generator is needed (~30 h extra, covered by buffer).
A11: 2. SRD live API is documented with endpoints, auth and rate limits; 'live' = periodic polling in Streamlit, not streaming.
A12: 3. Data volume stays near current scale (~120k records); larger volumes need caching/DB layer (~20 h, covered by buffer).
A13: 4. Ambiguous terms to confirm with client: 'KT weight', exact service % definition, meaning of 'via'.
A14: 5. Excluded: hosting/DevOps, user login/role management, mobile layouts.
A15: 6. Based on review of the existing repo: 14-page Streamlit app, shipment-level synthetic data, no LR/consignor/consignee/via/business concept, fixed promised-days target.
A16: 7. Source of requirements: SRD Logistics Consolidated Service Performance & Live Reporting Requirements (3-page scanned PDF with handwritten notes).

Sheet Requirement Mapping
A1: Section | B1: Requirement | C1: Current app status | D1: Gap / update needed | E1: Work package #
A2: 1 | B2: Service % (overall, source, destination, route) vs target, variation | C2: Partly available (route delay/on-time %) | D2: Configurable target %, actual vs target, variation; target-days filter | E2: 3, 4
A3: 1 | B3: Consignor / consignee service % vs target | C3: Missing | D3: New entity and reports | E3: 6
A4: 2 | B4: Source-to-destination, source, destination, via, business performance | C4: Partly (route, warehouse) | D4: Add via and business views, ranking highest→lowest | E4: 4
A5: 3 | B5: Delay reason & % at each journey point; booking→delivery analysis | C5: Partly (component times, delay reason) | D5: Stage-level logic and 4-level drill-down with remarks | E5: 5
A6: 4 | B6: Search LR, full journey; consignor/consignee search & variation | C6: Missing | D6: LR timeline page; customer drill-down | E6: 6
A7: 5 | B7: Weekly/10-day/15-day/monthly/yearly; period comparison | C7: Missing (date range filter only) | D7: Period engine and comparison dashboard | E7: 7
A8: 6 | B8: Booking → main hub dispatch, ageing, pending LRs | C8: Missing | D8: New page with hub timestamps and ageing buckets | E8: 8
A9: 7 | B9: Live reports using SRD APIs (bookings, lag/lead, target, KT weight, godown stock, hub dispatch) | C9: Missing | D9: API integration and 6 live reports | E9: 9
A10: 8 | B10: System-generated route/stage/LR improvement suggestions | C10: Partly (network-level rules) | D10: Route/stage/LR-level suggestions | E10: 10
A11: 9 | B11: Filters (period, source, destination, via, business, consignor, consignee, LR, target days), configurable rules, export | C11: Partly (10 filters) | D11: Add new filters, config screen, standard report table, export | E11: 3, 12
A12: Existing | B12: ML risk prediction, SHAP, what-if | C12: Available (synthetic data) | D12: Retrain on real data | E12: 11
